<?xml version='1.0' encoding='utf-8'?>
<!DOCTYPE hibernate-mapping PUBLIC
    "-//Hibernate/Hibernate Mapping DTD 3.0//EN"
    "http://www.hibernate.org/dtd/hibernate-mapping-3.0.dtd">
<hibernate-mapping>

    <class name="com.unsw.Entity.PostComment" table="postcomment" schema="unswbook">
        <id name="commentId">
            <column name="comment_id" sql-type="int(11)"/>
        </id>
        <property name="uid">
            <column name="uid" sql-type="int(12)"/>
        </property>
        <property name="postId">
            <column name="post_id" sql-type="int(11)"/>
        </property>
        <property name="comment">
            <column name="comment" sql-type="varchar(256)" length="256" not-null="true"/>
        </property>
        <property name="commentTime">
            <column name="comment_time" sql-type="datetime" not-null="true"/>
        </property>
    </class>
</hibernate-mapping>